timestamp;session;current;volt;soc;mwh;mode;charge phase;charge time;temperature;fault flags;flags;charge limit;startup count;charge profile
2.921;4404;0.478;5.04;-1;941083;0;1;297;37.8;0;23;-1;1;0
5.921;;0.592;;;;;;;;;;;;
8.921;;0.467;;;;;;;;;;;;
11.921;;0.505;;;;;;;;;;;;
14.921;;0.493;;;;;;;;;;;;
17.921;;0.450;;;;;;;;;;;;
20.921;;0.493;;;;;;;;;;;;
23.921;;0.471;;;;;;;;;;;;
26.921;;0.437;;;;;;;;;;;;
29.921;;0.444;;;;;;;;;;;;
32.921;;0.423;;;;;;;;;;;;
35.921;;0.434;;;;;;;;;;;;
38.921;;0.433;;;;;;;;;;;;
41.921;;0.436;;;;;;;;;;;;
44.921;;0.429;;;;;;;;;;;;
47.921;;0.415;;;;;;;;;;;;
50.921;;0.428;;;;;;;;;;;;
53.921;;0.406;;;;;;;;;;;;
56.921;;0.405;;;;;;;;;;;;
59.921;;0.417;;;;;;;;;;;;
62.921;;0.397;;;;;;;;;;;;
65.921;;0.422;;;;;;;;;;;;
68.921;;0.417;;;;;;;;;;;;
71.921;;0.409;;;;;;;;;;;;
74.921;;0.409;;;;;;;;;;;;
77.921;;0.424;;;;;;;;;;;;
80.921;;0.392;;;;;;;;;;;;
83.921;;0.407;;;;;;;;;;;;
86.921;;0.390;;;;;;;;;;;;
89.921;;0.380;;;;;;;;;;;;
92.921;;0.407;;;;;;;;;;;;
95.921;;0.397;;;;;;;;;;;;
98.921;;0.392;;;;;;;;;;;;
101.921;;0.405;;;;;;;;;;;;
104.921;;0.406;;;;;;;;;;;;
107.921;;0.391;;;;;;;;;;;;
110.921;;0.386;;;;;;;;;;;;
113.921;;0.405;;;;;;;;;;;;
116.921;;0.379;;;;;;;;;;;;
119.921;;0.387;;;;;;;;;;;;
122.921;;0.394;;;;;;;;;;;;
125.921;;0.406;;;;;;;;;;;;
128.921;;0.383;;;;;;;;;;;;
131.921;;0.396;;;;;;;;;;;;
134.921;;0.401;;;;;;;;;;;;
137.921;;0.386;;;;;;;;;;;;
140.921;;0.393;;;;;;;;;;;;
143.921;;0.393;;;;;;;;;;;;
146.921;;0.386;;;;;;;;;;;;
149.921;;0.389;;;;;;;;;;;;
152.921;;0.391;;;;;;;;;;;;
155.921;;0.391;;;;;;;;;;;;
158.921;;0.385;;;;;;;;;;;;
161.921;;0.381;;;;;;;;;;;;
164.921;;0.408;;;;;;;;;;;;
167.921;;0.384;;;;;;;;;;;;
170.921;;0.378;;;;;;;;;;;;
173.921;;0.377;;;;;;;;;;;;
176.921;;0.372;;;;;;;;;;;;
179.921;;0.381;;;;;;;;;;;;
182.921;;0.376;;;;;;;;;;;;
185.921;;0.380;;;;;;;;;;;;
188.921;;0.379;;;;;;;;;;;;
191.921;;0.378;;;;;;;;;;;;
194.921;;0.382;;;;;;;;;;;;
197.921;;0.374;;;;;;;;;;;;
200.921;;0.368;;;;;;;;;;;;
203.921;;0.373;;;;;;;;;;;;
206.921;;0.369;;;;;;;;;;;;
209.921;;0.371;;;;;;;;;;;;
212.921;;0.361;;;;;;;;;;;;
215.921;;0.377;;;;;;;;;;;;
218.921;;0.360;;;;;;;;;;;;
221.921;;0.349;;;;;;;;;;;;
224.921;;0.363;;;;;;;;;;;;
227.921;;0.363;;;;;;;;;;;;
230.921;;0.357;;;;;;;;;;;;
233.921;;0.359;;;;;;;;;;;;
236.921;;0.364;;;;;;;;;;;;
239.921;;0.367;;;;;;;;;;;;
242.921;;0.370;;;;;;;;;;;;
245.921;;0.370;;;;;;;;;;;;
248.921;;0.366;;;;;;;;;;;;
251.921;;0.364;;;;;;;;;;;;
254.921;;0.369;;;;;;;;;;;;
257.921;;0.359;;;;;;;;;;;;
260.921;;0.367;;;;;;;;;;;;
263.921;;0.369;;;;;;;;;;;;
266.921;;0.366;;;;;;;;;;;;
269.921;;0.371;;;;;;;;;;;;
272.921;;0.363;;;;;;;;;;;;
275.921;;0.364;;;;;;;;;;;;
278.921;;0.352;;;;;;;;;;;;
281.921;;0.361;;;;;;;;;;;;
284.921;;0.356;;;;;;;;;;;;
287.921;;0.361;;;;;;;;;;;;
290.921;;0.364;;;;;;;;;;;;
293.921;;0.362;;;;;;;;;;;;
296.921;;0.342;;;;;;;;;;;;
299.921;;0.352;;;;;;;;;;;;
338.480;4404;0.337;5.06;-1;941101;0;1;298;39.8;0;23;-1;1;0
346.924;4404;0.347;5.06;-1;941105;0;1;306;37.8;0;23;-1;1;0
48.240;;0.493;;;;;;;;;;;;
51.240;;0.450;;;;;;;;;;;;
54.240;;0.493;;;;;;;;;;;;
57.240;;0.471;;;;;;;;;;;;
60.240;;0.437;;;;;;;;;;;;
63.240;;0.444;;;;;;;;;;;;
66.240;;0.423;;;;;;;;;;;;
69.240;;0.434;;;;;;;;;;;;
72.240;;0.433;;;;;;;;;;;;
75.240;;0.436;;;;;;;;;;;;
78.240;;0.429;;;;;;;;;;;;
81.240;;0.415;;;;;;;;;;;;
84.240;;0.428;;;;;;;;;;;;
87.240;;0.406;;;;;;;;;;;;
90.240;;0.405;;;;;;;;;;;;
93.240;;0.417;;;;;;;;;;;;
96.240;;0.397;;;;;;;;;;;;
99.240;;0.422;;;;;;;;;;;;
102.240;;0.417;;;;;;;;;;;;
105.240;;0.409;;;;;;;;;;;;
108.240;;0.409;;;;;;;;;;;;
111.240;;0.424;;;;;;;;;;;;
114.240;;0.392;;;;;;;;;;;;
117.240;;0.407;;;;;;;;;;;;
120.240;;0.390;;;;;;;;;;;;
123.240;;0.380;;;;;;;;;;;;
126.240;;0.407;;;;;;;;;;;;
129.240;;0.397;;;;;;;;;;;;
132.240;;0.392;;;;;;;;;;;;
135.240;;0.405;;;;;;;;;;;;
138.240;;0.406;;;;;;;;;;;;
141.240;;0.391;;;;;;;;;;;;
144.240;;0.386;;;;;;;;;;;;
147.240;;0.405;;;;;;;;;;;;
150.240;;0.379;;;;;;;;;;;;
153.240;;0.387;;;;;;;;;;;;
156.240;;0.394;;;;;;;;;;;;
159.240;;0.406;;;;;;;;;;;;
162.240;;0.383;;;;;;;;;;;;
165.240;;0.396;;;;;;;;;;;;
168.240;;0.401;;;;;;;;;;;;
171.240;;0.386;;;;;;;;;;;;
174.240;;0.393;;;;;;;;;;;;
177.240;;0.393;;;;;;;;;;;;
180.240;;0.386;;;;;;;;;;;;
183.240;;0.389;;;;;;;;;;;;
186.240;;0.391;;;;;;;;;;;;
189.240;;0.391;;;;;;;;;;;;
192.240;;0.385;;;;;;;;;;;;
195.240;;0.381;;;;;;;;;;;;
198.240;;0.408;;;;;;;;;;;;
201.240;;0.384;;;;;;;;;;;;
204.240;;0.378;;;;;;;;;;;;
207.240;;0.377;;;;;;;;;;;;
210.240;;0.372;;;;;;;;;;;;
213.240;;0.381;;;;;;;;;;;;
216.240;;0.376;;;;;;;;;;;;
219.240;;0.380;;;;;;;;;;;;
222.240;;0.379;;;;;;;;;;;;
225.240;;0.378;;;;;;;;;;;;
228.240;;0.382;;;;;;;;;;;;
231.240;;0.374;;;;;;;;;;;;
234.240;;0.368;;;;;;;;;;;;
237.240;;0.373;;;;;;;;;;;;
240.240;;0.369;;;;;;;;;;;;
243.240;;0.371;;;;;;;;;;;;
246.240;;0.361;;;;;;;;;;;;
249.240;;0.377;;;;;;;;;;;;
252.240;;0.360;;;;;;;;;;;;
255.240;;0.349;;;;;;;;;;;;
258.240;;0.363;;;;;;;;;;;;
261.240;;0.363;;;;;;;;;;;;
264.240;;0.357;;;;;;;;;;;;
267.240;;0.359;;;;;;;;;;;;
270.240;;0.364;;;;;;;;;;;;
273.240;;0.367;;;;;;;;;;;;
276.240;;0.370;;;;;;;;;;;;
279.240;;0.370;;;;;;;;;;;;
282.240;;0.366;;;;;;;;;;;;
285.240;;0.364;;;;;;;;;;;;
288.240;;0.369;;;;;;;;;;;;
291.240;;0.359;;;;;;;;;;;;
294.240;;0.367;;;;;;;;;;;;
297.240;;0.369;;;;;;;;;;;;
300.240;;0.366;;;;;;;;;;;;
303.240;;0.371;;;;;;;;;;;;
306.240;;0.363;;;;;;;;;;;;
309.240;;0.364;;;;;;;;;;;;
312.240;;0.352;;;;;;;;;;;;
315.240;;0.361;;;;;;;;;;;;
318.240;;0.356;;;;;;;;;;;;
321.240;;0.361;;;;;;;;;;;;
324.240;;0.364;;;;;;;;;;;;
327.240;;0.362;;;;;;;;;;;;
330.240;;0.342;;;;;;;;;;;;
333.240;;0.352;;;;;;;;;;;;
336.240;;0.354;;;;;;;;;;;;
339.240;;0.358;;;;;;;;;;;;
342.240;;0.349;;;;;;;;;;;;
345.240;;0.346;;;;;;;;;;;;
384.235;4404;0.358;5.06;-1;941123;0;1;308;39.8;0;31;-1;1;0
395.924;4404;0.342;5.06;-1;941129;0;1;320;37.8;0;31;-1;1;0
407.922;;0.365;;;;;;;;;;;;
418.925;;0.335;;;;;;;;;;;;
434.924;;0.361;;;;;;;;;;;;
445.924;;0.338;;;;;;;;;;;;
464.922;;0.351;;;;;;;;;;;;
475.922;;0.323;;;;;;;;;;;;
486.924;;0.335;;;;;;;;;;;;
499.924;;0.347;;;;;;;;;;;;
510.924;;0.313;;;;;;;;;;;;
521.922;;0.329;;;;;;;;;;;;
534.922;;0.344;;;;;;;;;;;;
545.924;;0.333;;;;;;;;;;;;
558.923;;0.370;;;;;;;;;;;;
569.924;;0.340;;;;;;;;;;;;
581.924;;0.318;;;;;;;;;;;;
594.924;;0.345;;;;;;;;;;;;
601.924;4404;0.320;5.06;-1;941225;0;1;526;36.8;0;15;-1;1;0
614.922;;0.343;;;;;;;;;;;;
625.924;;0.316;;;;;;;;;;;;
638.925;;0.327;;;;;;;;;;;;
652.922;;0.308;;;;;;;;;;;;
664.924;;0.330;;;;;;;;;;;;
675.921;;0.312;;;;;;;;;;;;
679.922;4404;0.131;5.08;-1;941259;0;1;604;37.8;0;15;-1;1;0
685.922;4404;0.160;5.08;-1;941259;0;1;610;37.8;0;15;-1;1;0
687.924;4404;0.146;5.08;-1;941259;0;1;612;36.8;0;15;-1;1;0
699.922;;0.133;;;;;;;;;;;;
711.922;;0.149;;;;;;;;;;;;
721.924;4404;0.138;5.08;-1;941259;0;1;646;36.8;0;15;-1;1;0
723.922;4404;0.143;5.08;-1;941259;0;1;648;36.8;0;15;-1;1;0
727.924;4404;0.145;5.08;-1;941259;0;1;652;37.8;0;15;-1;1;0
729.922;4404;0.134;5.08;-1;941259;0;1;654;36.8;0;15;-1;1;0
736.922;4404;0.136;5.08;-1;941259;0;1;661;36.8;0;15;-1;1;0
737.922;4404;0.140;5.08;-1;941259;0;1;662;37.8;0;15;-1;1;0
739.924;4404;0.144;5.08;-1;941259;0;1;664;36.8;0;15;-1;1;0
741.922;4404;0.147;5.08;-1;941259;0;1;666;36.8;0;15;-1;1;0
742.922;4404;0.142;5.08;-1;941259;0;1;667;36.8;0;15;-1;1;0
744.922;4404;0.156;5.08;-1;941259;0;1;669;36.8;0;15;-1;1;0
748.921;4404;0.132;5.08;-1;941260;0;1;673;37.8;0;15;-1;1;0
750.922;4404;0.142;5.08;-1;941260;0;1;675;37.8;0;15;-1;1;0
766.921;4404;0.171;5.07;-1;941260;0;1;691;36.8;0;15;-1;1;0
768.922;4404;0.130;5.08;-1;941260;0;1;693;36.8;0;15;-1;1;0
772.924;4404;0.141;5.08;-1;941260;0;1;697;36.8;0;15;-1;1;0
774.923;4404;0.134;5.08;-1;941260;0;1;699;37.8;0;15;-1;1;0
775.922;4404;0.147;5.08;-1;941260;0;1;700;37.8;0;15;-1;1;0
777.924;4404;0.142;5.08;-1;941260;0;1;702;37.8;0;15;-1;1;0
787.922;4404;0.156;5.07;-1;941260;0;1;712;36.8;0;15;-1;1;0
789.924;4404;0.145;5.08;-1;941260;0;1;714;37.8;0;15;-1;1;0
790.924;4404;0.154;5.07;-1;941260;0;1;715;37.8;0;15;-1;1;0
792.923;4404;0.146;5.08;-1;941260;0;1;717;37.8;0;15;-1;1;0
796.924;4404;0.174;5.08;-1;941260;0;1;721;37.8;0;15;-1;1;0
803.248;4404;0.000;5.08;-1;941262;0;2;728;37.8;0;15;-1;1;0
803.924;4404;-0.000;5.09;-1;941262;0;2;728;37.8;0;15;-1;1;0
25277.152;4404;0.413;5.05;-1;941262;0;3;25201;36.8;0;15;-1;1;0
25278.923;4404;1.129;4.97;-1;941263;0;3;25203;36.8;0;15;-1;1;0
25289.921;;1.186;;;;;;;;;;;;
25303.923;;1.173;;;;;;;;;;;;
25316.924;;1.147;;;;;;;;;;;;
25327.923;;1.165;;;;;;;;;;;;
25338.925;;0.786;;;;;;;;;;;;
25349.924;;0.999;;;;;;;;;;;;
25360.922;;0.664;;;;;;;;;;;;
25371.922;;0.640;;;;;;;;;;;;
25382.923;;0.656;;;;;;;;;;;;
25394.923;;0.629;;;;;;;;;;;;
25409.922;;0.641;;;;;;;;;;;;
25420.924;;0.625;;;;;;;;;;;;
25431.922;;0.607;;;;;;;;;;;;
25451.924;;0.591;;;;;;;;;;;;
25487.922;;0.769;;;;;;;;;;;;
25498.923;;0.577;;;;;;;;;;;;
25509.923;;0.613;;;;;;;;;;;;
25520.922;;0.775;;;;;;;;;;;;
25531.921;;1.086;;;;;;;;;;;;
25542.922;;0.632;;;;;;;;;;;;
25553.922;;0.615;;;;;;;;;;;;
25564.924;;0.663;;;;;;;;;;;;
25575.923;;0.567;;;;;;;;;;;;
25587.923;;0.543;;;;;;;;;;;;
25599.924;;0.561;;;;;;;;;;;;
25610.924;;0.541;;;;;;;;;;;;
25621.922;;0.586;;;;;;;;;;;;
25632.924;;0.526;;;;;;;;;;;;
25646.921;;0.514;;;;;;;;;;;;
25657.924;;0.553;;;;;;;;;;;;
25668.922;;0.515;;;;;;;;;;;;
25680.922;;0.528;;;;;;;;;;;;
25691.924;;0.506;;;;;;;;;;;;
25702.923;;0.525;;;;;;;;;;;;
25713.924;;0.498;;;;;;;;;;;;
25729.922;;0.514;;;;;;;;;;;;
25740.922;;0.501;;;;;;;;;;;;
25756.924;;0.488;;;;;;;;;;;;
25768.922;;0.505;;;;;;;;;;;;
25780.922;;0.485;;;;;;;;;;;;
25799.923;;0.498;;;;;;;;;;;;
25812.922;;0.483;;;;;;;;;;;;
25824.922;;0.468;;;;;;;;;;;;
25835.923;;0.481;;;;;;;;;;;;
25846.924;;0.461;;;;;;;;;;;;
25859.924;;0.476;;;;;;;;;;;;
25870.922;;0.452;;;;;;;;;;;;
25881.922;;0.711;;;;;;;;;;;;
25892.922;;0.448;;;;;;;;;;;;
25903.924;;0.468;;;;;;;;;;;;
25915.924;;0.445;;;;;;;;;;;;
25929.924;;0.469;;;;;;;;;;;;
25940.922;;0.441;;;;;;;;;;;;
25959.922;;0.461;;;;;;;;;;;;
25970.922;;0.431;;;;;;;;;;;;
25981.923;;0.456;;;;;;;;;;;;
25992.924;;0.434;;;;;;;;;;;;
26009.922;;0.447;;;;;;;;;;;;
26020.922;;0.434;;;;;;;;;;;;
26032.924;;0.422;;;;;;;;;;;;
26052.922;;0.610;;;;;;;;;;;;
26063.924;;0.417;;;;;;;;;;;;
26079.922;;0.433;;;;;;;;;;;;
26090.922;;0.409;;;;;;;;;;;;
26109.922;;0.430;;;;;;;;;;;;
26111.922;4404;0.410;5.05;-1;941932;0;3;26036;36.8;0;15;-1;1;0
26125.924;;0.427;;;;;;;;;;;;
26136.921;;0.407;;;;;;;;;;;;
26159.924;;0.426;;;;;;;;;;;;
26170.922;;0.408;;;;;;;;;;;;
26181.924;;0.690;;;;;;;;;;;;
26192.923;;0.409;;;;;;;;;;;;
26203.924;;0.383;;;;;;;;;;;;
26218.923;;0.398;;;;;;;;;;;;
26229.924;;0.417;;;;;;;;;;;;
26240.924;;0.395;;;;;;;;;;;;
26253.923;;0.602;;;;;;;;;;;;
26264.922;;0.391;;;;;;;;;;;;
26275.922;;0.374;;;;;;;;;;;;
26288.922;;0.393;;;;;;;;;;;;
26301.922;;0.377;;;;;;;;;;;;
26313.923;;0.692;;;;;;;;;;;;
26324.924;;0.370;;;;;;;;;;;;
26339.922;;0.397;;;;;;;;;;;;
26350.924;;0.363;;;;;;;;;;;;
26365.922;;0.391;;;;;;;;;;;;
26376.924;;0.358;;;;;;;;;;;;
26389.922;;0.387;;;;;;;;;;;;
26400.924;;0.360;;;;;;;;;;;;
26420.924;;0.378;;;;;;;;;;;;
26431.922;;0.358;;;;;;;;;;;;
26443.924;;0.344;;;;;;;;;;;;
26454.922;;0.382;;;;;;;;;;;;
26465.924;;0.348;;;;;;;;;;;;
26497.924;;0.677;;;;;;;;;;;;
26508.924;;0.808;;;;;;;;;;;;
26519.922;;0.352;;;;;;;;;;;;
26534.924;;0.339;;;;;;;;;;;;
26549.922;;0.356;;;;;;;;;;;;
26561.923;;0.339;;;;;;;;;;;;
26584.924;;0.327;;;;;;;;;;;;
26603.924;;0.477;;;;;;;;;;;;
26614.922;;0.527;;;;;;;;;;;;
26625.922;;0.326;;;;;;;;;;;;
26640.922;;0.343;;;;;;;;;;;;
26651.922;;0.321;;;;;;;;;;;;
26670.922;;0.336;;;;;;;;;;;;
26684.922;;0.317;;;;;;;;;;;;
26700.924;;0.342;;;;;;;;;;;;
26711.924;;0.312;;;;;;;;;;;;
26724.924;;0.324;;;;;;;;;;;;
26735.922;;0.310;;;;;;;;;;;;
26750.924;;0.329;;;;;;;;;;;;
26761.922;;0.304;;;;;;;;;;;;
26808.924;;0.388;;;;;;;;;;;;
26819.924;;0.684;;;;;;;;;;;;
26830.922;;0.398;;;;;;;;;;;;
26841.922;;0.303;;;;;;;;;;;;
26854.922;;0.317;;;;;;;;;;;;
26865.924;;0.295;;;;;;;;;;;;
26881.922;;0.328;;;;;;;;;;;;
26892.921;;0.291;;;;;;;;;;;;
26903.924;;0.304;;;;;;;;;;;;
26914.922;;0.289;;;;;;;;;;;;
26961.924;;0.306;;;;;;;;;;;;
26972.924;;0.290;;;;;;;;;;;;
27040.922;;0.278;;;;;;;;;;;;
27053.922;;0.299;;;;;;;;;;;;
27064.924;;0.285;;;;;;;;;;;;
27078.923;;0.271;;;;;;;;;;;;
27091.922;;0.291;;;;;;;;;;;;
27105.924;;0.270;;;;;;;;;;;;
27116.922;;0.285;;;;;;;;;;;;
27127.922;;0.272;;;;;;;;;;;;
27138.925;;0.324;;;;;;;;;;;;
27149.924;;0.274;;;;;;;;;;;;
27162.922;;0.287;;;;;;;;;;;;
27173.922;;0.328;;;;;;;;;;;;
27184.923;;0.263;;;;;;;;;;;;
27202.924;;0.285;;;;;;;;;;;;
27213.924;;0.270;;;;;;;;;;;;
27237.922;;0.282;;;;;;;;;;;;
27247.924;4404;0.053;5.09;-1;942474;0;3;27172;36.8;0;15;-1;1;0
27251.922;4404;0.063;5.07;-1;942474;0;0;27176;37.8;0;15;-1;1;0
27252.924;4404;0.052;5.08;-1;942474;0;0;0;36.8;0;7;-1;1;0
27306.924;4404;0.229;5.06;-1;942474;0;0;0;36.8;0;7;-1;1;0
27308.922;4404;0.048;5.09;-1;942474;0;0;0;36.8;0;7;-1;1;0
27322.924;4404;0.467;5.04;-1;942475;0;0;0;36.8;0;7;-1;1;0
27327.921;4404;0.058;5.09;-1;942475;0;0;0;36.8;0;7;-1;1;0
27477.926;;0.084;;;;;;;;;;;;
27623.922;;0.153;;;;;;;;;;;;
27624.922;4404;0.213;5.06;-1;942475;0;0;0;36.8;0;7;-1;1;0
27627.924;4404;0.062;5.08;-1;942475;0;0;0;36.8;0;7;-1;1;0
27630.921;4404;0.162;5.07;-1;942475;0;0;0;36.8;0;7;-1;1;0
27633.924;4404;0.240;5.06;-1;942477;0;1;0;36.8;0;7;-1;1;0
27636.921;4404;0.055;5.09;-1;942477;0;1;3;36.8;0;7;-1;1;0
27646.924;4404;0.067;5.07;-1;942477;0;0;13;36.8;0;7;-1;1;0
27665.922;4404;0.350;5.05;-1;942478;0;0;0;36.8;0;7;-1;1;0
27668.923;4404;0.355;5.05;-1;942479;0;1;0;36.8;0;7;-1;1;0
27670.922;4404;0.075;5.08;-1;942479;0;1;2;37.8;0;7;-1;1;0
27672.924;4404;0.150;5.07;-1;942479;0;1;4;36.8;0;7;-1;1;0
27677.922;4404;0.054;5.09;-1;942479;0;1;9;37.8;0;7;-1;1;0
27681.922;4404;0.093;5.06;-1;942479;0;0;13;37.8;0;7;-1;1;0
27734.924;;0.078;;;;;;;;;;;;
27751.921;4404;0.256;5.06;-1;942479;0;0;0;36.8;0;7;-1;1;0
27756.924;4404;0.051;5.09;-1;942479;0;0;0;36.8;0;7;-1;1;0
27788.924;;0.081;;;;;;;;;;;;
27814.922;4404;0.051;5.09;-1;942479;0;0;0;36.8;0;7;-1;1;0
27816.922;4404;0.047;5.08;-1;942479;0;0;0;36.8;0;7;-1;1;0
27908.924;4404;0.274;5.06;-1;942479;0;0;0;36.8;0;7;-1;1;0
27911.922;4404;0.066;5.09;-1;942480;0;0;0;36.8;0;7;-1;1;0
27967.922;;0.105;;;;;;;;;;;;
28052.922;4404;0.193;5.06;-1;942480;0;0;0;36.8;0;7;-1;1;0
28055.923;4404;0.051;5.09;-1;942480;0;0;0;36.8;0;7;-1;1;0
28077.922;;0.077;;;;;;;;;;;;
28088.922;;0.106;;;;;;;;;;;;
28160.922;4404;0.223;5.06;-1;942481;0;0;0;36.8;0;7;-1;1;0
28162.924;4404;0.051;5.08;-1;942481;0;0;0;36.8;0;7;-1;1;0
28209.922;4404;0.087;5.08;-1;942481;0;0;0;36.8;0;7;-1;1;0
28215.922;4404;0.067;5.08;-1;942481;0;0;0;36.8;0;7;-1;1;0
